model,dataset,K,effective_K,auroc
resnet50.tv2_in1k,NINCO_OOD_classes,1,1,0.8368287745190102
resnet50.tv2_in1k,openimages_o,1,1,0.8742637217215956
resnet50.tv2_in1k,imagenet_r,1,1,0.8378583126666667
resnet50.tv2_in1k,imagenet_c,1,1,0.8251238840000001
resnet50.tv2_in1k,imagenet_es,1,1,0.78286247875
resnet50.tv2_in1k,imagenet_v2,1,1,0.5688730860000001
resnet50.tv2_in1k,NINCO_OOD_classes,2,2,0.8327290719480497
resnet50.tv2_in1k,openimages_o,2,2,0.872693469027664
resnet50.tv2_in1k,imagenet_r,2,2,0.8497520953333334
resnet50.tv2_in1k,imagenet_c,2,2,0.859393692
resnet50.tv2_in1k,imagenet_es,2,2,0.832201255
resnet50.tv2_in1k,imagenet_v2,2,2,0.569812138
resnet50.tv2_in1k,NINCO_OOD_classes,3,3,0.8174095604217069
resnet50.tv2_in1k,openimages_o,3,3,0.8707104795513265
resnet50.tv2_in1k,imagenet_r,3,3,0.8474935613333332
resnet50.tv2_in1k,imagenet_c,3,3,0.867196286
resnet50.tv2_in1k,imagenet_es,3,3,0.834897036875
resnet50.tv2_in1k,imagenet_v2,3,3,0.566236462
resnet50.tv2_in1k,NINCO_OOD_classes,4,4,0.8109657744500123
resnet50.tv2_in1k,openimages_o,4,4,0.8638175348163085
resnet50.tv2_in1k,imagenet_r,4,4,0.8462509813333334
resnet50.tv2_in1k,imagenet_c,4,4,0.869569544
resnet50.tv2_in1k,imagenet_es,4,4,0.8423864328124999
resnet50.tv2_in1k,imagenet_v2,4,4,0.565082574
convnext_tiny.fb_in1k,NINCO_OOD_classes,1,1,0.8659775271481048
convnext_tiny.fb_in1k,openimages_o,1,1,0.9311330858907303
convnext_tiny.fb_in1k,imagenet_r,1,1,0.8733077866666665
convnext_tiny.fb_in1k,imagenet_c,1,1,0.7920741339999999
convnext_tiny.fb_in1k,imagenet_es,1,1,0.739653550625
convnext_tiny.fb_in1k,imagenet_v2,1,1,0.5926941139999999
convnext_tiny.fb_in1k,NINCO_OOD_classes,2,2,0.8696822920073709
convnext_tiny.fb_in1k,openimages_o,2,2,0.9340454597013044
convnext_tiny.fb_in1k,imagenet_r,2,2,0.8808370919999999
convnext_tiny.fb_in1k,imagenet_c,2,2,0.8252397859999999
convnext_tiny.fb_in1k,imagenet_es,2,2,0.7797959284375
convnext_tiny.fb_in1k,imagenet_v2,2,2,0.5970084419999999
convnext_tiny.fb_in1k,NINCO_OOD_classes,3,3,0.8704533872162937
convnext_tiny.fb_in1k,openimages_o,3,3,0.9336322956708047
convnext_tiny.fb_in1k,imagenet_r,3,3,0.8831900346666667
convnext_tiny.fb_in1k,imagenet_c,3,3,0.8372079399999999
convnext_tiny.fb_in1k,imagenet_es,3,3,0.799730686875
convnext_tiny.fb_in1k,imagenet_v2,3,3,0.6025098939999999
convnext_tiny.fb_in1k,NINCO_OOD_classes,4,4,0.8365872895091022
convnext_tiny.fb_in1k,openimages_o,4,4,0.9224927405633625
convnext_tiny.fb_in1k,imagenet_r,4,4,0.8793405526666667
convnext_tiny.fb_in1k,imagenet_c,4,4,0.806171982
convnext_tiny.fb_in1k,imagenet_es,4,4,0.7719117565625
convnext_tiny.fb_in1k,imagenet_v2,4,4,0.5867003020000001
convnext_tiny.fb_in1k,NINCO_OOD_classes,5,5,0.8371727722910238
convnext_tiny.fb_in1k,openimages_o,5,5,0.922268910454345
convnext_tiny.fb_in1k,imagenet_r,5,5,0.88028803
convnext_tiny.fb_in1k,imagenet_c,5,5,0.8112490120000001
convnext_tiny.fb_in1k,imagenet_es,5,5,0.7812871765625
convnext_tiny.fb_in1k,imagenet_v2,5,5,0.588068696
convnext_tiny.fb_in1k,NINCO_OOD_classes,6,6,0.8147384135346779
convnext_tiny.fb_in1k,openimages_o,6,6,0.9163218589703195
convnext_tiny.fb_in1k,imagenet_r,6,6,0.8717093193333334
convnext_tiny.fb_in1k,imagenet_c,6,6,0.784742614
convnext_tiny.fb_in1k,imagenet_es,6,6,0.7577791953124999
convnext_tiny.fb_in1k,imagenet_v2,6,6,0.5792922739999999
convnext_tiny.fb_in1k,NINCO_OOD_classes,7,7,0.8204438755641221
convnext_tiny.fb_in1k,openimages_o,7,7,0.9169771201714034
convnext_tiny.fb_in1k,imagenet_r,7,7,0.879459238
convnext_tiny.fb_in1k,imagenet_c,7,7,0.8188726999999998
convnext_tiny.fb_in1k,imagenet_es,7,7,0.798114155625
convnext_tiny.fb_in1k,imagenet_v2,7,7,0.58655152
convnext_tiny.fb_in1k,NINCO_OOD_classes,8,8,0.820004095941039
convnext_tiny.fb_in1k,openimages_o,8,8,0.9170946953179153
convnext_tiny.fb_in1k,imagenet_r,8,8,0.8799238386666666
convnext_tiny.fb_in1k,imagenet_c,8,8,0.825013808
convnext_tiny.fb_in1k,imagenet_es,8,8,0.8004517824999999
convnext_tiny.fb_in1k,imagenet_v2,8,8,0.5865476079999999
convnext_tiny.fb_in1k,NINCO_OOD_classes,9,9,0.8122054497795587
convnext_tiny.fb_in1k,openimages_o,9,9,0.9107328262650451
convnext_tiny.fb_in1k,imagenet_r,9,9,0.8785654666666667
convnext_tiny.fb_in1k,imagenet_c,9,9,0.8081981
convnext_tiny.fb_in1k,imagenet_es,9,9,0.7891317125
convnext_tiny.fb_in1k,imagenet_v2,9,9,0.589151472
convnext_tiny.fb_in1k,NINCO_OOD_classes,10,10,0.8122806004205037
convnext_tiny.fb_in1k,openimages_o,10,10,0.9111654987711891
convnext_tiny.fb_in1k,imagenet_r,10,10,0.8789673926666667
convnext_tiny.fb_in1k,imagenet_c,10,10,0.812451606
convnext_tiny.fb_in1k,imagenet_es,10,10,0.7907187243749999
convnext_tiny.fb_in1k,imagenet_v2,10,10,0.5891942840000001
convnext_tiny.fb_in1k,NINCO_OOD_classes,11,11,0.8118775140516199
convnext_tiny.fb_in1k,openimages_o,11,11,0.9111441628331969
convnext_tiny.fb_in1k,imagenet_r,11,11,0.8791396046666667
convnext_tiny.fb_in1k,imagenet_c,11,11,0.8141775840000001
convnext_tiny.fb_in1k,imagenet_es,11,11,0.79119806
convnext_tiny.fb_in1k,imagenet_v2,11,11,0.589027344
convnext_tiny.fb_in1k,NINCO_OOD_classes,12,12,0.8121915361160095
convnext_tiny.fb_in1k,openimages_o,12,12,0.9112420026466695
convnext_tiny.fb_in1k,imagenet_r,12,12,0.8803465446666667
convnext_tiny.fb_in1k,imagenet_c,12,12,0.8198101099999999
convnext_tiny.fb_in1k,imagenet_es,12,12,0.7996366165625
convnext_tiny.fb_in1k,imagenet_v2,12,12,0.589626688
convnext_tiny.fb_in1k,NINCO_OOD_classes,13,13,0.8123130758807307
convnext_tiny.fb_in1k,openimages_o,13,13,0.9116866456613524
convnext_tiny.fb_in1k,imagenet_r,13,13,0.8810356279999999
convnext_tiny.fb_in1k,imagenet_c,13,13,0.824071108
convnext_tiny.fb_in1k,imagenet_es,13,13,0.8024006775
convnext_tiny.fb_in1k,imagenet_v2,13,13,0.5895715159999999
convnext_tiny.fb_in1k,NINCO_OOD_classes,14,14,0.8121143883425481
convnext_tiny.fb_in1k,openimages_o,14,14,0.9116368819711388
convnext_tiny.fb_in1k,imagenet_r,14,14,0.8816779266666667
convnext_tiny.fb_in1k,imagenet_c,14,14,0.827763536
convnext_tiny.fb_in1k,imagenet_es,14,14,0.8061020968749999
convnext_tiny.fb_in1k,imagenet_v2,14,14,0.589780438
convnext_tiny.fb_in1k,NINCO_OOD_classes,15,15,0.8122483127959503
convnext_tiny.fb_in1k,openimages_o,15,15,0.9118164585040015
convnext_tiny.fb_in1k,imagenet_r,15,15,0.882086386
convnext_tiny.fb_in1k,imagenet_c,15,15,0.8307732160000001
convnext_tiny.fb_in1k,imagenet_es,15,15,0.8091808496875
convnext_tiny.fb_in1k,imagenet_v2,15,15,0.5900081699999999
convnext_tiny.fb_in1k,NINCO_OOD_classes,16,16,0.812491631510483
convnext_tiny.fb_in1k,openimages_o,16,16,0.9119463646102464
convnext_tiny.fb_in1k,imagenet_r,16,16,0.8826822853333334
convnext_tiny.fb_in1k,imagenet_c,16,16,0.83422665
convnext_tiny.fb_in1k,imagenet_es,16,16,0.8125115056250001
convnext_tiny.fb_in1k,imagenet_v2,16,16,0.590436734
convnext_tiny.fb_in1k,NINCO_OOD_classes,17,17,0.8120128915188509
convnext_tiny.fb_in1k,openimages_o,17,17,0.9115466708677296
convnext_tiny.fb_in1k,imagenet_r,17,17,0.8829598186666667
convnext_tiny.fb_in1k,imagenet_c,17,17,0.8365992360000001
convnext_tiny.fb_in1k,imagenet_es,17,17,0.8157006790625001
convnext_tiny.fb_in1k,imagenet_v2,17,17,0.5908969
convnext_tiny.fb_in1k,NINCO_OOD_classes,18,18,0.8116942570741391
convnext_tiny.fb_in1k,openimages_o,18,18,0.9112332320877183
convnext_tiny.fb_in1k,imagenet_r,18,18,0.8835448646666666
convnext_tiny.fb_in1k,imagenet_c,18,18,0.8384159800000001
convnext_tiny.fb_in1k,imagenet_es,18,18,0.8181529053125001
convnext_tiny.fb_in1k,imagenet_v2,18,18,0.59124698
convnext_tiny.fb_in1k,NINCO_OOD_classes,19,19,0.8090312749211352
convnext_tiny.fb_in1k,openimages_o,19,19,0.9097420114689017
convnext_tiny.fb_in1k,imagenet_r,19,19,0.8844637273333333
convnext_tiny.fb_in1k,imagenet_c,19,19,0.8444091199999999
convnext_tiny.fb_in1k,imagenet_es,19,19,0.8264316646875001
convnext_tiny.fb_in1k,imagenet_v2,19,19,0.592321052
swin_tiny_patch4_window7_224.ms_in1k,NINCO_OOD_classes,1,1,0.8586160322756089
swin_tiny_patch4_window7_224.ms_in1k,openimages_o,1,1,0.9316405469783855
swin_tiny_patch4_window7_224.ms_in1k,imagenet_r,1,1,0.8829498973333333
swin_tiny_patch4_window7_224.ms_in1k,imagenet_c,1,1,0.795467734
swin_tiny_patch4_window7_224.ms_in1k,imagenet_es,1,1,0.7646259881249999
swin_tiny_patch4_window7_224.ms_in1k,imagenet_v2,1,1,0.5910734999999999
swin_tiny_patch4_window7_224.ms_in1k,NINCO_OOD_classes,2,2,0.8554867410378639
swin_tiny_patch4_window7_224.ms_in1k,openimages_o,2,2,0.9244347356481191
swin_tiny_patch4_window7_224.ms_in1k,imagenet_r,2,2,0.8929374480000001
swin_tiny_patch4_window7_224.ms_in1k,imagenet_c,2,2,0.8626233479999998
swin_tiny_patch4_window7_224.ms_in1k,imagenet_es,2,2,0.8625234490625
swin_tiny_patch4_window7_224.ms_in1k,imagenet_v2,2,2,0.606695332
swin_tiny_patch4_window7_224.ms_in1k,NINCO_OOD_classes,3,3,0.7799811610766819
swin_tiny_patch4_window7_224.ms_in1k,openimages_o,3,3,0.8590262688260131
swin_tiny_patch4_window7_224.ms_in1k,imagenet_r,3,3,0.8578680893333333
swin_tiny_patch4_window7_224.ms_in1k,imagenet_c,3,3,0.812564706
swin_tiny_patch4_window7_224.ms_in1k,imagenet_es,3,3,0.8066266325
swin_tiny_patch4_window7_224.ms_in1k,imagenet_v2,3,3,0.58477211
swin_tiny_patch4_window7_224.ms_in1k,NINCO_OOD_classes,4,4,0.7762846708258984
swin_tiny_patch4_window7_224.ms_in1k,openimages_o,4,4,0.8557606225975172
swin_tiny_patch4_window7_224.ms_in1k,imagenet_r,4,4,0.8617910653333333
swin_tiny_patch4_window7_224.ms_in1k,imagenet_c,4,4,0.8219856059999999
swin_tiny_patch4_window7_224.ms_in1k,imagenet_es,4,4,0.825819529375
swin_tiny_patch4_window7_224.ms_in1k,imagenet_v2,4,4,0.5871577640000001
swin_tiny_patch4_window7_224.ms_in1k,NINCO_OOD_classes,5,5,0.7761032694582348
swin_tiny_patch4_window7_224.ms_in1k,openimages_o,5,5,0.8542403869178903
swin_tiny_patch4_window7_224.ms_in1k,imagenet_r,5,5,0.8642501106666667
swin_tiny_patch4_window7_224.ms_in1k,imagenet_c,5,5,0.829380824
swin_tiny_patch4_window7_224.ms_in1k,imagenet_es,5,5,0.8394976075
swin_tiny_patch4_window7_224.ms_in1k,imagenet_v2,5,5,0.588850836
swin_tiny_patch4_window7_224.ms_in1k,NINCO_OOD_classes,6,6,0.7596962086326178
swin_tiny_patch4_window7_224.ms_in1k,openimages_o,6,6,0.845290591719705
swin_tiny_patch4_window7_224.ms_in1k,imagenet_r,6,6,0.8604125253333332
swin_tiny_patch4_window7_224.ms_in1k,imagenet_c,6,6,0.802653154
swin_tiny_patch4_window7_224.ms_in1k,imagenet_es,6,6,0.8146011318749999
swin_tiny_patch4_window7_224.ms_in1k,imagenet_v2,6,6,0.588383678
swin_tiny_patch4_window7_224.ms_in1k,NINCO_OOD_classes,7,7,0.7585345626550197
swin_tiny_patch4_window7_224.ms_in1k,openimages_o,7,7,0.848526810763123
swin_tiny_patch4_window7_224.ms_in1k,imagenet_r,7,7,0.8596626260000001
swin_tiny_patch4_window7_224.ms_in1k,imagenet_c,7,7,0.81650558
swin_tiny_patch4_window7_224.ms_in1k,imagenet_es,7,7,0.8171007684375
swin_tiny_patch4_window7_224.ms_in1k,imagenet_v2,7,7,0.586845788
swin_tiny_patch4_window7_224.ms_in1k,NINCO_OOD_classes,8,8,0.7602698746705827
swin_tiny_patch4_window7_224.ms_in1k,openimages_o,8,8,0.8512863268006806
swin_tiny_patch4_window7_224.ms_in1k,imagenet_r,8,8,0.8624216693333334
swin_tiny_patch4_window7_224.ms_in1k,imagenet_c,8,8,0.837881306
swin_tiny_patch4_window7_224.ms_in1k,imagenet_es,8,8,0.8245701750000001
swin_tiny_patch4_window7_224.ms_in1k,imagenet_v2,8,8,0.589086598
swin_tiny_patch4_window7_224.ms_in1k,NINCO_OOD_classes,9,9,0.7579563249404253
swin_tiny_patch4_window7_224.ms_in1k,openimages_o,9,9,0.8526112458251938
swin_tiny_patch4_window7_224.ms_in1k,imagenet_r,9,9,0.861791448
swin_tiny_patch4_window7_224.ms_in1k,imagenet_c,9,9,0.8470316980000001
swin_tiny_patch4_window7_224.ms_in1k,imagenet_es,9,9,0.8239805584375001
swin_tiny_patch4_window7_224.ms_in1k,imagenet_v2,9,9,0.58792344
swin_tiny_patch4_window7_224.ms_in1k,NINCO_OOD_classes,10,10,0.7573636006219394
swin_tiny_patch4_window7_224.ms_in1k,openimages_o,10,10,0.8501310983678871
swin_tiny_patch4_window7_224.ms_in1k,imagenet_r,10,10,0.8635969626666666
swin_tiny_patch4_window7_224.ms_in1k,imagenet_c,10,10,0.8599888120000001
swin_tiny_patch4_window7_224.ms_in1k,imagenet_es,10,10,0.8348127453125
swin_tiny_patch4_window7_224.ms_in1k,imagenet_v2,10,10,0.591458932
swin_tiny_patch4_window7_224.ms_in1k,NINCO_OOD_classes,11,11,0.7566881174732306
swin_tiny_patch4_window7_224.ms_in1k,openimages_o,11,11,0.8492497813346777
swin_tiny_patch4_window7_224.ms_in1k,imagenet_r,11,11,0.8647523399999999
swin_tiny_patch4_window7_224.ms_in1k,imagenet_c,11,11,0.869551884
swin_tiny_patch4_window7_224.ms_in1k,imagenet_es,11,11,0.8392657059374999
swin_tiny_patch4_window7_224.ms_in1k,imagenet_v2,11,11,0.59331088
swin_tiny_patch4_window7_224.ms_in1k,NINCO_OOD_classes,12,12,0.7554433092627556
swin_tiny_patch4_window7_224.ms_in1k,openimages_o,12,12,0.8470288209717058
swin_tiny_patch4_window7_224.ms_in1k,imagenet_r,12,12,0.8646989626666666
swin_tiny_patch4_window7_224.ms_in1k,imagenet_c,12,12,0.8697270699999999
swin_tiny_patch4_window7_224.ms_in1k,imagenet_es,12,12,0.842910013125
swin_tiny_patch4_window7_224.ms_in1k,imagenet_v2,12,12,0.594024174
swin_tiny_patch4_window7_224.ms_in1k,NINCO_OOD_classes,13,13,0.7539855803614606
swin_tiny_patch4_window7_224.ms_in1k,openimages_o,13,13,0.8457831142479048
swin_tiny_patch4_window7_224.ms_in1k,imagenet_r,13,13,0.8644501573333334
swin_tiny_patch4_window7_224.ms_in1k,imagenet_c,13,13,0.87040055
swin_tiny_patch4_window7_224.ms_in1k,imagenet_es,13,13,0.8442456725
swin_tiny_patch4_window7_224.ms_in1k,imagenet_v2,13,13,0.5946500279999999
vit_base_patch16_224.augreg2_in21k_ft_in1k,NINCO_OOD_classes,1,1,0.897061438976297
vit_base_patch16_224.augreg2_in21k_ft_in1k,openimages_o,1,1,0.9578026440562613
vit_base_patch16_224.augreg2_in21k_ft_in1k,imagenet_r,1,1,0.8723693966666667
vit_base_patch16_224.augreg2_in21k_ft_in1k,imagenet_c,1,1,0.7481741
vit_base_patch16_224.augreg2_in21k_ft_in1k,imagenet_es,1,1,0.7341934809374999
vit_base_patch16_224.augreg2_in21k_ft_in1k,imagenet_v2,1,1,0.5951580140000001
vit_base_patch16_224.augreg2_in21k_ft_in1k,NINCO_OOD_classes,2,2,0.9083708409589197
vit_base_patch16_224.augreg2_in21k_ft_in1k,openimages_o,2,2,0.9640141436025407
vit_base_patch16_224.augreg2_in21k_ft_in1k,imagenet_r,2,2,0.8884186053333334
vit_base_patch16_224.augreg2_in21k_ft_in1k,imagenet_c,2,2,0.8434624580000001
vit_base_patch16_224.augreg2_in21k_ft_in1k,imagenet_es,2,2,0.8169850918750001
vit_base_patch16_224.augreg2_in21k_ft_in1k,imagenet_v2,2,2,0.607777008
vit_base_patch16_224.augreg2_in21k_ft_in1k,NINCO_OOD_classes,3,3,0.8603736356545835
vit_base_patch16_224.augreg2_in21k_ft_in1k,openimages_o,3,3,0.92925902676951
vit_base_patch16_224.augreg2_in21k_ft_in1k,imagenet_r,3,3,0.873769222
vit_base_patch16_224.augreg2_in21k_ft_in1k,imagenet_c,3,3,0.8020701179999999
vit_base_patch16_224.augreg2_in21k_ft_in1k,imagenet_es,3,3,0.7915267890625
vit_base_patch16_224.augreg2_in21k_ft_in1k,imagenet_v2,3,3,0.606366088
vit_base_patch16_224.augreg2_in21k_ft_in1k,NINCO_OOD_classes,4,4,0.8510680986735861
vit_base_patch16_224.augreg2_in21k_ft_in1k,openimages_o,4,4,0.927770914246824
vit_base_patch16_224.augreg2_in21k_ft_in1k,imagenet_r,4,4,0.8659396533333332
vit_base_patch16_224.augreg2_in21k_ft_in1k,imagenet_c,4,4,0.775184356
vit_base_patch16_224.augreg2_in21k_ft_in1k,imagenet_es,4,4,0.7657665387500001
vit_base_patch16_224.augreg2_in21k_ft_in1k,imagenet_v2,4,4,0.5972801820000001
vit_base_patch16_224.augreg2_in21k_ft_in1k,NINCO_OOD_classes,5,5,0.8558478825911005
vit_base_patch16_224.augreg2_in21k_ft_in1k,openimages_o,5,5,0.9323436966878402
vit_base_patch16_224.augreg2_in21k_ft_in1k,imagenet_r,5,5,0.8744454413333334
vit_base_patch16_224.augreg2_in21k_ft_in1k,imagenet_c,5,5,0.81776222
vit_base_patch16_224.augreg2_in21k_ft_in1k,imagenet_es,5,5,0.7877464740624999
vit_base_patch16_224.augreg2_in21k_ft_in1k,imagenet_v2,5,5,0.6090079700000001
vit_base_patch16_224.augreg2_in21k_ft_in1k,NINCO_OOD_classes,6,6,0.8518881126390397
vit_base_patch16_224.augreg2_in21k_ft_in1k,openimages_o,6,6,0.9331730818965518
vit_base_patch16_224.augreg2_in21k_ft_in1k,imagenet_r,6,6,0.8709667313333334
vit_base_patch16_224.augreg2_in21k_ft_in1k,imagenet_c,6,6,0.804238962
vit_base_patch16_224.augreg2_in21k_ft_in1k,imagenet_es,6,6,0.7771880675
vit_base_patch16_224.augreg2_in21k_ft_in1k,imagenet_v2,6,6,0.600185524
vit_base_patch16_224.augreg2_in21k_ft_in1k,NINCO_OOD_classes,7,7,0.8517725036042083
vit_base_patch16_224.augreg2_in21k_ft_in1k,openimages_o,7,7,0.9332462840290381
vit_base_patch16_224.augreg2_in21k_ft_in1k,imagenet_r,7,7,0.872169156
vit_base_patch16_224.augreg2_in21k_ft_in1k,imagenet_c,7,7,0.811577928
vit_base_patch16_224.augreg2_in21k_ft_in1k,imagenet_es,7,7,0.7875559378125
vit_base_patch16_224.augreg2_in21k_ft_in1k,imagenet_v2,7,7,0.600807338
vit_base_patch16_224.augreg2_in21k_ft_in1k,NINCO_OOD_classes,8,8,0.8530439454787091
vit_base_patch16_224.augreg2_in21k_ft_in1k,openimages_o,8,8,0.9343446234119782
vit_base_patch16_224.augreg2_in21k_ft_in1k,imagenet_r,8,8,0.8751911126666667
vit_base_patch16_224.augreg2_in21k_ft_in1k,imagenet_c,8,8,0.828155032
vit_base_patch16_224.augreg2_in21k_ft_in1k,imagenet_es,8,8,0.799665110625
vit_base_patch16_224.augreg2_in21k_ft_in1k,imagenet_v2,8,8,0.6057397640000001
vit_base_patch16_224.augreg2_in21k_ft_in1k,NINCO_OOD_classes,9,9,0.8530773469086175
vit_base_patch16_224.augreg2_in21k_ft_in1k,openimages_o,9,9,0.9344175351633395
vit_base_patch16_224.augreg2_in21k_ft_in1k,imagenet_r,9,9,0.8762091059999999
vit_base_patch16_224.augreg2_in21k_ft_in1k,imagenet_c,9,9,0.834453992
vit_base_patch16_224.augreg2_in21k_ft_in1k,imagenet_es,9,9,0.8066189384375
vit_base_patch16_224.augreg2_in21k_ft_in1k,imagenet_v2,9,9,0.6067112139999999
vit_base_patch16_224.augreg2_in21k_ft_in1k,NINCO_OOD_classes,10,10,0.8475456731362607
vit_base_patch16_224.augreg2_in21k_ft_in1k,openimages_o,10,10,0.9356801724137931
vit_base_patch16_224.augreg2_in21k_ft_in1k,imagenet_r,10,10,0.8758634860000001
vit_base_patch16_224.augreg2_in21k_ft_in1k,imagenet_c,10,10,0.8260541640000001
vit_base_patch16_224.augreg2_in21k_ft_in1k,imagenet_es,10,10,0.7987823865624999
vit_base_patch16_224.augreg2_in21k_ft_in1k,imagenet_v2,10,10,0.6010324060000001
vit_base_patch16_224.augreg2_in21k_ft_in1k,NINCO_OOD_classes,11,11,0.8454932078944191
vit_base_patch16_224.augreg2_in21k_ft_in1k,openimages_o,11,11,0.9379398434664246
vit_base_patch16_224.augreg2_in21k_ft_in1k,imagenet_r,11,11,0.8801418293333334
vit_base_patch16_224.augreg2_in21k_ft_in1k,imagenet_c,11,11,0.829472998
vit_base_patch16_224.augreg2_in21k_ft_in1k,imagenet_es,11,11,0.803736085625
vit_base_patch16_224.augreg2_in21k_ft_in1k,imagenet_v2,11,11,0.600640266
vit_base_patch16_224.augreg2_in21k_ft_in1k,NINCO_OOD_classes,12,12,0.8449165007397625
vit_base_patch16_224.augreg2_in21k_ft_in1k,openimages_o,12,12,0.9377746676497278
vit_base_patch16_224.augreg2_in21k_ft_in1k,imagenet_r,12,12,0.8803900060000001
vit_base_patch16_224.augreg2_in21k_ft_in1k,imagenet_c,12,12,0.8310931779999999
vit_base_patch16_224.augreg2_in21k_ft_in1k,imagenet_es,12,12,0.8063511968749999
vit_base_patch16_224.augreg2_in21k_ft_in1k,imagenet_v2,12,12,0.60064513
vit_base_patch16_224.augreg2_in21k_ft_in1k,NINCO_OOD_classes,13,13,0.8445463684194436
vit_base_patch16_224.augreg2_in21k_ft_in1k,openimages_o,13,13,0.937654802631579
vit_base_patch16_224.augreg2_in21k_ft_in1k,imagenet_r,13,13,0.8804471226666668
vit_base_patch16_224.augreg2_in21k_ft_in1k,imagenet_c,13,13,0.8317854020000001
vit_base_patch16_224.augreg2_in21k_ft_in1k,imagenet_es,13,13,0.807254999375
vit_base_patch16_224.augreg2_in21k_ft_in1k,imagenet_v2,13,13,0.600696636
